gender,ssc_percentage,ssc_board,hsc_percentage,hsc_board,hsc_subject,degree_percentage,undergrad_degree,work_experience,emp_test_percentage,specialisation,mba_percent,status,salary
M,67.0,Others,91.0,Others,Commerce,58.0,Sci&Tech,No,55.0,Mkt&HR,58.8,Placed,350101.0
M,79.33,Central,78.33,Others,Science,77.48,Sci&Tech,Yes,86.5,Mkt&Fin,66.28,Placed,360972.0
M,65.0,Central,68.0,Central,Arts,64.0,Comm&Mgmt,No,75.0,Mkt&Fin,57.8,Placed,350631.0
M,56.0,Central,52.0,Central,Science,52.0,Sci&Tech,No,66.0,Mkt&HR,59.43,Not Placed,383411.0
M,85.8,Central,73.6,Central,Commerce,73.3,Comm&Mgmt,No,96.8,Mkt&Fin,55.5,Placed,314975.0
M,55.0,Others,49.8,Others,Science,67.25,Sci&Tech,Yes,55.0,Mkt&Fin,51.58,Not Placed,299296.0
F,46.0,Others,49.2,Others,Commerce,79.0,Comm&Mgmt,No,74.28,Mkt&Fin,53.29,Not Placed,360536.0
M,82.0,Central,64.0,Central,Science,66.0,Sci&Tech,Yes,67.0,Mkt&Fin,62.14,Placed,371583.0
M,73.0,Central,79.0,Central,Commerce,72.0,Comm&Mgmt,No,91.34,Mkt&Fin,61.29,Placed,331076.0
M,58.0,Central,70.0,Central,Commerce,61.0,Comm&Mgmt,No,54.0,Mkt&Fin,52.21,Not Placed,325117.0
M,58.0,Central,61.0,Central,Commerce,60.0,Comm&Mgmt,Yes,62.0,Mkt&HR,60.85,Placed,329497.0
M,69.6,Central,68.4,Central,Commerce,78.3,Comm&Mgmt,Yes,60.0,Mkt&Fin,63.7,Placed,340828.0
F,47.0,Central,55.0,Others,Science,65.0,Comm&Mgmt,No,62.0,Mkt&HR,65.04,Not Placed,367419.0
F,77.0,Central,87.0,Central,Commerce,59.0,Comm&Mgmt,No,68.0,Mkt&Fin,68.63,Placed,317122.0
M,62.0,Central,47.0,Central,Commerce,50.0,Comm&Mgmt,No,76.0,Mkt&HR,54.96,Not Placed,268092.0
F,65.0,Central,75.0,Central,Commerce,69.0,Comm&Mgmt,Yes,72.0,Mkt&Fin,64.66,Placed,341771.0
M,63.0,Central,66.2,Central,Commerce,65.6,Comm&Mgmt,Yes,60.0,Mkt&Fin,62.54,Placed,319775.0
F,55.0,Central,67.0,Central,Commerce,64.0,Comm&Mgmt,No,60.0,Mkt&Fin,67.28,Not Placed,378547.0
F,63.0,Central,66.0,Central,Commerce,64.0,Comm&Mgmt,No,68.0,Mkt&HR,64.08,Not Placed,329079.0
M,60.0,Others,67.0,Others,Arts,70.0,Comm&Mgmt,Yes,50.48,Mkt&Fin,77.89,Placed,369191.0
M,62.0,Others,65.0,Others,Commerce,66.0,Comm&Mgmt,No,50.0,Mkt&HR,56.7,Placed,370769.0
F,79.0,Others,76.0,Others,Commerce,85.0,Comm&Mgmt,No,95.0,Mkt&Fin,69.06,Placed,369467.0
F,69.8,Others,60.8,Others,Science,72.23,Sci&Tech,No,55.53,Mkt&HR,68.81,Placed,377266.0
F,77.4,Others,60.0,Others,Science,64.74,Sci&Tech,Yes,92.0,Mkt&Fin,63.62,Placed,311738.0
M,76.5,Others,97.7,Others,Science,78.86,Sci&Tech,No,97.4,Mkt&Fin,74.01,Placed,379709.0
F,52.58,Others,54.6,Central,Commerce,50.2,Comm&Mgmt,Yes,76.0,Mkt&Fin,65.33,Not Placed,364648.0
M,71.0,Others,79.0,Others,Commerce,66.0,Comm&Mgmt,Yes,94.0,Mkt&Fin,57.55,Placed,295670.0
M,63.0,Others,67.0,Others,Commerce,66.0,Comm&Mgmt,No,68.0,Mkt&HR,57.69,Placed,342031.0
M,76.76,Others,76.5,Others,Commerce,67.5,Comm&Mgmt,Yes,73.35,Mkt&Fin,64.15,Placed,338581.0
M,62.0,Central,67.0,Central,Commerce,58.0,Comm&Mgmt,No,77.0,Mkt&Fin,51.29,Not Placed,296409.0
F,64.0,Central,73.5,Central,Commerce,73.0,Comm&Mgmt,No,52.0,Mkt&HR,56.7,Placed,308749.0
F,67.0,Central,53.0,Central,Science,65.0,Sci&Tech,No,64.0,Mkt&HR,58.32,Not Placed,388848.0
F,61.0,Central,81.0,Central,Commerce,66.4,Comm&Mgmt,No,50.89,Mkt&HR,62.21,Placed,348435.0
F,87.0,Others,65.0,Others,Science,81.0,Comm&Mgmt,Yes,88.0,Mkt&Fin,72.78,Placed,359389.0
M,62.0,Others,51.0,Others,Science,52.0,Others,No,68.44,Mkt&HR,62.77,Not Placed,375756.0
F,69.0,Central,78.0,Central,Commerce,72.0,Comm&Mgmt,No,71.0,Mkt&HR,62.74,Placed,314335.0
M,51.0,Central,44.0,Central,Commerce,57.0,Comm&Mgmt,No,64.0,Mkt&Fin,51.45,Not Placed,312066.0
F,79.0,Central,76.0,Central,Science,65.6,Sci&Tech,No,58.0,Mkt&HR,55.47,Placed,263090.0
F,73.0,Others,58.0,Others,Science,66.0,Comm&Mgmt,No,53.7,Mkt&HR,56.86,Placed,287594.0
M,81.0,Others,68.0,Others,Science,64.0,Sci&Tech,No,93.0,Mkt&Fin,62.56,Placed,356146.0
F,78.0,Central,77.0,Others,Commerce,80.0,Comm&Mgmt,No,60.0,Mkt&Fin,66.72,Placed,389034.0
F,74.0,Others,63.16,Others,Commerce,65.0,Comm&Mgmt,Yes,65.0,Mkt&HR,69.76,Not Placed,384181.0
M,49.0,Others,39.0,Central,Science,65.0,Others,No,63.0,Mkt&Fin,51.21,Not Placed,301371.0
M,87.0,Others,87.0,Others,Commerce,68.0,Comm&Mgmt,No,95.0,Mkt&HR,62.9,Placed,342567.0
F,77.0,Others,73.0,Others,Commerce,81.0,Comm&Mgmt,Yes,89.0,Mkt&Fin,69.7,Placed,334444.0
F,76.0,Central,64.0,Central,Science,72.0,Sci&Tech,No,58.0,Mkt&HR,66.53,Not Placed,344525.0
F,70.89,Others,71.98,Others,Science,65.6,Comm&Mgmt,No,68.0,Mkt&HR,71.63,Not Placed,372701.0
M,63.0,Central,60.0,Central,Commerce,57.0,Comm&Mgmt,Yes,78.0,Mkt&Fin,54.55,Placed,349914.0
M,63.0,Others,62.0,Others,Commerce,68.0,Comm&Mgmt,No,64.0,Mkt&Fin,62.46,Placed,360149.0
F,50.0,Others,37.0,Others,Arts,52.0,Others,No,65.0,Mkt&HR,56.11,Not Placed,271549.0
F,75.2,Central,73.2,Central,Science,68.4,Comm&Mgmt,No,65.0,Mkt&HR,62.98,Placed,361643.0
M,54.4,Central,61.12,Central,Commerce,56.2,Comm&Mgmt,No,67.0,Mkt&HR,62.65,Not Placed,339048.0
F,40.89,Others,45.83,Others,Commerce,53.0,Comm&Mgmt,No,71.2,Mkt&HR,65.49,Not Placed,341652.0
M,80.0,Others,70.0,Others,Science,72.0,Sci&Tech,No,87.0,Mkt&HR,71.04,Placed,402510.0
F,74.0,Central,60.0,Others,Science,69.0,Comm&Mgmt,No,78.0,Mkt&HR,65.56,Placed,393170.0
M,60.4,Central,66.6,Others,Science,65.0,Comm&Mgmt,No,71.0,Mkt&HR,52.71,Placed,338778.0
M,63.0,Others,71.4,Others,Commerce,61.4,Comm&Mgmt,No,68.0,Mkt&Fin,66.88,Placed,342343.0
M,68.0,Central,76.0,Central,Commerce,74.0,Comm&Mgmt,No,80.0,Mkt&Fin,63.59,Placed,345084.0
M,74.0,Central,62.0,Others,Science,68.0,Comm&Mgmt,No,74.0,Mkt&Fin,57.99,Placed,341898.0
M,52.6,Central,65.58,Others,Science,72.11,Sci&Tech,No,57.6,Mkt&Fin,56.66,Placed,355906.0
M,74.0,Central,70.0,Central,Science,72.0,Comm&Mgmt,Yes,60.0,Mkt&Fin,57.24,Placed,314585.0
M,84.2,Central,73.4,Central,Commerce,66.89,Comm&Mgmt,No,61.6,Mkt&Fin,62.48,Placed,344350.0
F,86.5,Others,64.2,Others,Science,67.4,Sci&Tech,No,59.0,Mkt&Fin,59.69,Placed,305570.0
M,61.0,Others,70.0,Others,Commerce,64.0,Comm&Mgmt,No,68.5,Mkt&HR,59.5,Not Placed,302114.0
M,80.0,Others,73.0,Others,Commerce,75.0,Comm&Mgmt,No,61.0,Mkt&Fin,58.78,Placed,359496.0
M,54.0,Others,47.0,Others,Science,57.0,Comm&Mgmt,No,89.69,Mkt&HR,57.1,Not Placed,369087.0
M,83.0,Others,74.0,Others,Science,66.0,Comm&Mgmt,No,68.92,Mkt&HR,58.46,Placed,331680.0
M,80.92,Others,78.5,Others,Commerce,67.0,Comm&Mgmt,No,68.71,Mkt&Fin,60.99,Placed,374066.0
F,69.7,Central,47.0,Central,Commerce,72.7,Sci&Tech,No,79.0,Mkt&HR,59.24,Not Placed,347809.0
M,73.0,Central,73.0,Central,Science,66.0,Sci&Tech,Yes,70.0,Mkt&Fin,68.07,Placed,352926.0
M,82.0,Others,61.0,Others,Science,62.0,Sci&Tech,No,89.0,Mkt&Fin,65.45,Placed,372642.0
M,75.0,Others,70.29,Others,Commerce,71.0,Comm&Mgmt,No,95.0,Mkt&Fin,66.94,Placed,413901.0
M,84.86,Others,67.0,Others,Science,78.0,Comm&Mgmt,No,95.5,Mkt&Fin,68.53,Placed,373045.0
M,64.6,Central,83.83,Others,Commerce,71.72,Comm&Mgmt,No,86.0,Mkt&Fin,59.75,Placed,385939.0
M,56.6,Central,64.8,Central,Commerce,70.2,Comm&Mgmt,No,84.27,Mkt&Fin,67.2,Placed,290208.0
F,59.0,Central,62.0,Others,Commerce,77.5,Comm&Mgmt,No,74.0,Mkt&HR,67.0,Not Placed,392657.0
F,66.5,Others,70.4,Central,Arts,71.93,Comm&Mgmt,No,61.0,Mkt&Fin,64.27,Placed,359691.0
M,64.0,Others,80.0,Others,Science,65.0,Sci&Tech,Yes,69.0,Mkt&Fin,57.65,Placed,321630.0
M,84.0,Others,90.9,Others,Science,64.5,Sci&Tech,No,86.04,Mkt&Fin,59.42,Placed,340433.0
F,69.0,Central,62.0,Central,Science,66.0,Sci&Tech,No,75.0,Mkt&HR,67.99,Not Placed,312333.0
F,69.0,Others,62.0,Others,Commerce,69.0,Comm&Mgmt,Yes,67.0,Mkt&HR,62.35,Placed,342810.0
M,81.7,Others,63.0,Others,Science,67.0,Comm&Mgmt,Yes,86.0,Mkt&Fin,70.2,Placed,391513.0
M,63.0,Central,67.0,Central,Commerce,74.0,Comm&Mgmt,No,82.0,Mkt&Fin,60.44,Not Placed,386097.0
M,84.0,Others,79.0,Others,Science,68.0,Sci&Tech,Yes,84.0,Mkt&Fin,66.69,Placed,351212.0
M,70.0,Central,63.0,Others,Science,70.0,Sci&Tech,Yes,55.0,Mkt&Fin,62.0,Placed,323745.0
F,83.84,Others,89.83,Others,Commerce,77.2,Comm&Mgmt,Yes,78.74,Mkt&Fin,76.18,Placed,389667.0
M,62.0,Others,63.0,Others,Commerce,64.0,Comm&Mgmt,No,67.0,Mkt&Fin,57.03,Placed,355582.0
M,59.6,Central,51.0,Central,Science,60.0,Others,No,75.0,Mkt&HR,59.08,Not Placed,346183.0
F,66.0,Central,62.0,Central,Commerce,73.0,Comm&Mgmt,No,58.0,Mkt&HR,64.36,Placed,341547.0
F,84.0,Others,75.0,Others,Science,69.0,Sci&Tech,Yes,62.0,Mkt&HR,62.36,Placed,364838.0
F,85.0,Others,90.0,Others,Commerce,82.0,Comm&Mgmt,No,92.0,Mkt&Fin,68.03,Placed,375032.0
M,52.0,Central,57.0,Central,Commerce,50.8,Comm&Mgmt,No,67.0,Mkt&HR,62.79,Not Placed,380219.0
F,60.23,Central,69.0,Central,Science,66.0,Comm&Mgmt,No,72.0,Mkt&Fin,59.47,Placed,316818.0
M,52.0,Central,62.0,Central,Commerce,54.0,Comm&Mgmt,No,72.0,Mkt&HR,55.41,Not Placed,311810.0
M,58.0,Central,62.0,Central,Commerce,64.0,Comm&Mgmt,No,53.88,Mkt&Fin,54.97,Placed,308117.0
M,73.0,Central,78.0,Others,Commerce,65.0,Comm&Mgmt,Yes,95.46,Mkt&Fin,62.16,Placed,304735.0
F,76.0,Central,70.0,Central,Science,76.0,Comm&Mgmt,Yes,66.0,Mkt&Fin,64.44,Placed,366644.0
F,70.5,Central,62.5,Others,Commerce,61.0,Comm&Mgmt,No,93.91,Mkt&Fin,69.03,Not Placed,383952.0
F,69.0,Central,73.0,Central,Commerce,65.0,Comm&Mgmt,No,70.0,Mkt&Fin,57.31,Placed,329393.0
M,54.0,Central,82.0,Others,Commerce,63.0,Sci&Tech,No,50.0,Mkt&Fin,59.47,Not Placed,330842.0
F,45.0,Others,57.0,Others,Commerce,58.0,Comm&Mgmt,Yes,56.39,Mkt&HR,64.95,Not Placed,317339.0
M,63.0,Central,72.0,Central,Commerce,68.0,Comm&Mgmt,No,78.0,Mkt&HR,60.44,Placed,329141.0
F,77.0,Others,61.0,Others,Commerce,68.0,Comm&Mgmt,Yes,57.5,Mkt&Fin,61.31,Placed,334959.0
M,73.0,Central,78.0,Central,Science,73.0,Sci&Tech,Yes,85.0,Mkt&HR,65.83,Placed,339252.0
M,69.0,Central,63.0,Others,Science,65.0,Comm&Mgmt,Yes,55.0,Mkt&HR,58.23,Placed,328081.0
M,59.0,Central,64.0,Others,Science,58.0,Sci&Tech,No,85.0,Mkt&HR,55.3,Not Placed,333322.0
M,61.08,Others,50.0,Others,Science,54.0,Sci&Tech,No,71.0,Mkt&Fin,65.69,Not Placed,419346.0
M,82.0,Others,90.0,Others,Commerce,83.0,Comm&Mgmt,No,80.0,Mkt&HR,73.52,Placed,399317.0
M,61.0,Central,82.0,Central,Commerce,69.0,Comm&Mgmt,No,84.0,Mkt&Fin,58.31,Placed,340967.0
M,52.0,Central,63.0,Others,Science,65.0,Sci&Tech,Yes,86.0,Mkt&HR,56.09,Not Placed,322127.0
F,69.5,Central,70.0,Central,Science,72.0,Sci&Tech,No,57.2,Mkt&HR,54.8,Placed,261637.0
M,51.0,Others,54.0,Others,Science,61.0,Sci&Tech,No,60.0,Mkt&HR,60.64,Not Placed,341765.0
M,58.0,Others,61.0,Others,Commerce,61.0,Comm&Mgmt,No,58.0,Mkt&HR,53.94,Placed,317567.0
F,73.96,Others,79.0,Others,Commerce,67.0,Comm&Mgmt,No,72.15,Mkt&Fin,63.08,Placed,426217.0
M,65.0,Central,68.0,Others,Science,69.0,Comm&Mgmt,No,53.7,Mkt&HR,55.01,Placed,314269.0
F,73.0,Others,63.0,Others,Science,66.0,Comm&Mgmt,No,89.0,Mkt&Fin,60.5,Placed,351046.0
M,68.2,Central,72.8,Central,Commerce,66.6,Comm&Mgmt,Yes,96.0,Mkt&Fin,70.85,Placed,382359.0
M,77.0,Others,75.0,Others,Science,73.0,Sci&Tech,No,80.0,Mkt&Fin,67.05,Placed,333140.0
M,76.0,Central,80.0,Central,Science,78.0,Sci&Tech,Yes,97.0,Mkt&HR,70.48,Placed,416205.0
M,60.8,Central,68.4,Central,Commerce,64.6,Comm&Mgmt,Yes,82.66,Mkt&Fin,64.34,Placed,379918.0
M,58.0,Others,40.0,Others,Science,59.0,Comm&Mgmt,No,73.0,Mkt&HR,58.81,Not Placed,358971.0
F,64.0,Central,67.0,Others,Science,69.6,Sci&Tech,Yes,55.67,Mkt&HR,71.49,Placed,358678.0
F,66.5,Central,66.8,Central,Arts,69.3,Comm&Mgmt,Yes,80.4,Mkt&Fin,71.0,Placed,426084.0
M,74.0,Others,59.0,Others,Commerce,73.0,Comm&Mgmt,Yes,60.0,Mkt&HR,56.7,Placed,284744.0
M,67.0,Central,71.0,Central,Science,64.33,Others,Yes,64.0,Mkt&HR,61.26,Placed,362646.0
F,84.0,Central,73.0,Central,Commerce,73.0,Comm&Mgmt,No,75.0,Mkt&Fin,73.33,Placed,459034.0
F,79.0,Others,61.0,Others,Science,75.5,Sci&Tech,Yes,70.0,Mkt&Fin,68.2,Placed,343084.0
F,72.0,Others,60.0,Others,Science,69.0,Comm&Mgmt,No,55.5,Mkt&HR,58.4,Placed,316611.0
M,80.4,Central,73.4,Central,Science,77.72,Sci&Tech,Yes,81.2,Mkt&HR,76.26,Placed,408030.0
M,76.7,Central,89.7,Others,Commerce,66.0,Comm&Mgmt,Yes,90.0,Mkt&Fin,68.55,Placed,359096.0
M,62.0,Central,65.0,Others,Commerce,60.0,Comm&Mgmt,No,84.0,Mkt&Fin,64.15,Not Placed,310080.0
F,74.9,Others,57.0,Others,Science,62.0,Others,Yes,80.0,Mkt&Fin,60.78,Placed,345177.0
M,67.0,Others,68.0,Others,Commerce,64.0,Comm&Mgmt,Yes,74.4,Mkt&HR,53.49,Placed,282091.0
M,73.0,Central,64.0,Others,Commerce,77.0,Comm&Mgmt,Yes,65.0,Mkt&HR,60.98,Placed,358128.0
F,77.44,Central,92.0,Others,Commerce,72.0,Comm&Mgmt,Yes,94.0,Mkt&Fin,67.13,Placed,340937.0
F,72.0,Central,56.0,Others,Science,69.0,Comm&Mgmt,No,55.6,Mkt&HR,65.63,Placed,409018.0
F,47.0,Central,59.0,Central,Arts,64.0,Comm&Mgmt,No,78.0,Mkt&Fin,61.58,Not Placed,322822.0
M,67.0,Others,63.0,Central,Commerce,72.0,Comm&Mgmt,No,56.0,Mkt&HR,60.41,Placed,331978.0
F,82.0,Others,64.0,Others,Science,73.0,Sci&Tech,Yes,96.0,Mkt&Fin,71.77,Placed,411486.0
M,77.0,Central,70.0,Central,Commerce,59.0,Comm&Mgmt,Yes,58.0,Mkt&Fin,54.43,Placed,280794.0
M,65.0,Central,64.8,Others,Commerce,69.5,Comm&Mgmt,Yes,56.0,Mkt&Fin,56.94,Placed,334584.0
M,66.0,Central,64.0,Central,Science,60.0,Comm&Mgmt,No,60.0,Mkt&HR,61.9,Not Placed,386814.0
M,85.0,Central,60.0,Others,Science,73.43,Sci&Tech,Yes,60.0,Mkt&Fin,61.29,Placed,296936.0
M,77.67,Others,64.89,Others,Commerce,70.67,Comm&Mgmt,No,89.0,Mkt&Fin,60.39,Placed,347099.0
M,52.0,Others,50.0,Others,Arts,61.0,Comm&Mgmt,No,60.0,Mkt&Fin,58.52,Not Placed,341876.0
M,89.4,Others,65.66,Others,Science,71.25,Sci&Tech,No,72.0,Mkt&HR,63.23,Placed,376375.0
M,62.0,Central,63.0,Others,Science,66.0,Comm&Mgmt,No,85.0,Mkt&HR,55.14,Placed,283451.0
M,70.0,Central,74.0,Central,Commerce,65.0,Comm&Mgmt,No,83.0,Mkt&Fin,62.28,Placed,309506.0
F,77.0,Central,86.0,Central,Arts,56.0,Others,No,57.0,Mkt&Fin,64.08,Placed,371978.0
M,44.0,Central,58.0,Central,Arts,55.0,Comm&Mgmt,Yes,64.25,Mkt&HR,58.54,Not Placed,343070.0
M,71.0,Central,58.66,Central,Science,58.0,Sci&Tech,Yes,56.0,Mkt&Fin,61.3,Placed,352715.0
M,65.0,Central,65.0,Central,Commerce,75.0,Comm&Mgmt,No,83.0,Mkt&Fin,58.87,Placed,345873.0
F,75.4,Others,60.5,Central,Science,84.0,Sci&Tech,No,98.0,Mkt&Fin,65.25,Placed,340599.0
M,49.0,Others,59.0,Others,Science,65.0,Sci&Tech,Yes,86.0,Mkt&Fin,62.48,Placed,356888.0
M,53.0,Central,63.0,Others,Science,60.0,Comm&Mgmt,Yes,70.0,Mkt&Fin,53.2,Placed,321592.0
M,51.57,Others,74.66,Others,Commerce,59.9,Comm&Mgmt,Yes,56.15,Mkt&HR,65.99,Not Placed,342529.0
M,84.2,Central,69.4,Central,Science,65.0,Sci&Tech,Yes,80.0,Mkt&HR,52.72,Placed,366853.0
M,66.5,Central,62.5,Central,Commerce,60.9,Comm&Mgmt,No,93.4,Mkt&Fin,55.03,Placed,334335.0
M,67.0,Others,63.0,Others,Science,64.0,Sci&Tech,No,60.0,Mkt&Fin,61.87,Not Placed,311741.0
M,52.0,Central,49.0,Others,Commerce,58.0,Comm&Mgmt,No,62.0,Mkt&HR,60.59,Not Placed,362057.0
M,87.0,Central,74.0,Central,Science,65.0,Sci&Tech,Yes,75.0,Mkt&HR,72.29,Placed,359920.0
M,55.6,Others,51.0,Others,Commerce,57.5,Comm&Mgmt,No,57.63,Mkt&HR,62.72,Not Placed,374493.0
M,74.2,Central,87.6,Others,Commerce,77.25,Comm&Mgmt,Yes,75.2,Mkt&Fin,66.06,Placed,398998.0
M,63.0,Others,67.0,Others,Science,64.0,Sci&Tech,No,75.0,Mkt&Fin,66.46,Placed,341220.0
F,67.16,Central,72.5,Central,Commerce,63.35,Comm&Mgmt,No,53.04,Mkt&Fin,65.52,Placed,390981.0
F,63.3,Central,78.33,Others,Commerce,74.0,Comm&Mgmt,No,80.0,Mkt&Fin,74.56,Not Placed,410623.0
M,62.0,Others,62.0,Others,Commerce,60.0,Comm&Mgmt,Yes,63.0,Mkt&HR,52.38,Placed,334182.0
M,67.9,Others,62.0,Others,Science,67.0,Sci&Tech,Yes,58.1,Mkt&Fin,75.71,Not Placed,459744.0
F,48.0,Central,51.0,Central,Commerce,58.0,Comm&Mgmt,Yes,60.0,Mkt&HR,58.79,Not Placed,327798.0
M,59.96,Others,42.16,Others,Science,61.26,Sci&Tech,No,54.48,Mkt&HR,65.48,Not Placed,339308.0
F,63.4,Others,67.2,Others,Commerce,60.0,Comm&Mgmt,No,58.06,Mkt&HR,69.28,Not Placed,350435.0
M,80.0,Others,80.0,Others,Commerce,72.0,Comm&Mgmt,Yes,63.79,Mkt&Fin,66.04,Placed,339686.0
M,73.0,Others,58.0,Others,Commerce,56.0,Comm&Mgmt,No,84.0,Mkt&HR,52.64,Placed,308247.0
F,52.0,Others,52.0,Others,Science,55.0,Sci&Tech,No,67.0,Mkt&HR,59.32,Not Placed,347515.0
M,73.24,Others,50.83,Others,Science,64.27,Sci&Tech,Yes,64.0,Mkt&Fin,66.23,Placed,373221.0
M,63.0,Others,62.0,Others,Science,65.0,Sci&Tech,No,87.5,Mkt&HR,60.69,Not Placed,367575.0
F,59.0,Central,60.0,Others,Commerce,56.0,Comm&Mgmt,No,55.0,Mkt&HR,57.9,Placed,331990.0
F,73.0,Central,97.0,Others,Commerce,79.0,Comm&Mgmt,Yes,89.0,Mkt&Fin,70.81,Placed,426846.0
M,68.0,Others,56.0,Others,Science,68.0,Sci&Tech,No,73.0,Mkt&HR,68.07,Placed,364340.0
F,77.8,Central,64.0,Central,Science,64.2,Sci&Tech,No,75.5,Mkt&HR,72.14,Not Placed,470165.0
M,65.0,Central,71.5,Others,Commerce,62.8,Comm&Mgmt,Yes,57.0,Mkt&Fin,56.6,Placed,345170.0
M,62.0,Central,60.33,Others,Science,64.21,Sci&Tech,No,63.0,Mkt&HR,60.02,Not Placed,314365.0
M,52.0,Others,65.0,Others,Arts,57.0,Others,Yes,75.0,Mkt&Fin,59.81,Not Placed,307113.0
M,65.0,Central,77.0,Central,Commerce,69.0,Comm&Mgmt,No,60.0,Mkt&HR,61.82,Placed,361754.0
F,56.28,Others,62.83,Others,Commerce,59.79,Comm&Mgmt,No,60.0,Mkt&HR,57.29,Not Placed,322456.0
F,88.0,Central,72.0,Central,Science,78.0,Others,No,82.0,Mkt&HR,71.43,Placed,407140.0
F,52.0,Central,64.0,Central,Commerce,61.0,Comm&Mgmt,No,55.0,Mkt&Fin,62.93,Not Placed,365917.0
M,78.5,Central,65.5,Central,Science,67.0,Sci&Tech,Yes,95.0,Mkt&Fin,64.86,Placed,357255.0
M,61.8,Others,47.0,Others,Commerce,54.38,Comm&Mgmt,No,57.0,Mkt&Fin,56.13,Not Placed,299116.0
F,54.0,Central,77.6,Others,Commerce,69.2,Comm&Mgmt,No,95.65,Mkt&Fin,66.94,Not Placed,322315.0
F,64.0,Others,70.2,Central,Commerce,61.0,Comm&Mgmt,No,50.0,Mkt&Fin,62.5,Not Placed,336605.0
M,67.0,Others,61.0,Central,Science,72.0,Comm&Mgmt,No,72.0,Mkt&Fin,61.01,Placed,369732.0
M,65.2,Central,61.4,Central,Commerce,64.8,Comm&Mgmt,Yes,93.4,Mkt&Fin,57.34,Placed,335783.0
F,60.0,Central,63.0,Central,Arts,56.0,Others,Yes,80.0,Mkt&HR,56.63,Placed,289148.0
M,52.0,Others,55.0,Others,Commerce,56.3,Comm&Mgmt,No,59.0,Mkt&Fin,64.74,Not Placed,364155.0
M,66.0,Central,76.0,Central,Commerce,72.0,Comm&Mgmt,Yes,84.0,Mkt&HR,58.95,Placed,347360.0
M,72.0,Others,63.0,Others,Science,77.5,Sci&Tech,Yes,78.0,Mkt&Fin,54.48,Placed,291404.0
F,83.96,Others,53.0,Others,Science,91.0,Sci&Tech,No,59.32,Mkt&HR,69.71,Placed,383452.0
F,67.0,Central,70.0,Central,Commerce,65.0,Others,No,88.0,Mkt&HR,71.96,Not Placed,389586.0
M,69.0,Others,65.0,Others,Commerce,57.0,Comm&Mgmt,No,73.0,Mkt&HR,55.8,Placed,288911.0
M,69.0,Others,60.0,Others,Commerce,65.0,Comm&Mgmt,No,87.55,Mkt&Fin,52.81,Placed,321974.0
M,54.2,Central,63.0,Others,Science,58.0,Comm&Mgmt,No,79.0,Mkt&HR,58.44,Not Placed,350584.0
M,70.0,Central,63.0,Central,Science,66.0,Sci&Tech,No,61.28,Mkt&HR,60.11,Placed,372932.0
M,55.68,Others,61.33,Others,Commerce,56.87,Comm&Mgmt,No,66.0,Mkt&HR,58.3,Placed,364814.0
F,74.0,Others,73.0,Others,Commerce,73.0,Comm&Mgmt,Yes,80.0,Mkt&Fin,67.69,Placed,329430.0
M,61.0,Others,62.0,Others,Commerce,65.0,Comm&Mgmt,No,62.0,Mkt&Fin,56.81,Placed,299105.0
M,41.0,Central,42.0,Central,Science,60.0,Comm&Mgmt,No,97.0,Mkt&Fin,53.39,Not Placed,329011.0
M,83.33,Central,78.0,Others,Commerce,61.0,Comm&Mgmt,Yes,88.56,Mkt&Fin,71.55,Placed,401614.0
F,43.0,Central,60.0,Others,Science,65.0,Comm&Mgmt,No,92.66,Mkt&HR,62.92,Not Placed,367131.0
M,62.0,Central,72.0,Central,Commerce,65.0,Comm&Mgmt,No,67.0,Mkt&Fin,56.49,Placed,441542.0
M,80.6,Others,82.0,Others,Commerce,77.6,Comm&Mgmt,No,91.0,Mkt&Fin,74.49,Placed,415087.0
M,58.0,Others,60.0,Others,Science,72.0,Sci&Tech,No,74.0,Mkt&Fin,53.62,Placed,348547.0
M,67.0,Others,67.0,Others,Commerce,73.0,Comm&Mgmt,Yes,59.0,Mkt&Fin,69.72,Placed,407500.0
F,74.0,Others,66.0,Others,Commerce,58.0,Comm&Mgmt,No,70.0,Mkt&HR,60.23,Placed,360462.0
M,62.0,Central,58.0,Others,Science,53.0,Comm&Mgmt,No,89.0,Mkt&HR,60.22,Not Placed,331422.0
